{
	"format_version": "1.9.0",
	"credit": "Made with Blockbench",
	"texture_size": [32, 32],
	"textures": {
		"0": "./txtur/44_2",
		"1": "./txtur/44_3",
		"particle": "./txtur/44_2"
	},
	"elements": [
		{
			"from": [-8, 0, 20],
			"to": [-4, 3, 24],
			"rotation": {"angle": 0, "axis": "y", "origin": [-15, 0, 20]},
			"faces": {
				"north": {"uv": [12.5, 2.5, 13, 4], "texture": "#0"},
				"east": {"uv": [12.5, 2.5, 13, 4], "texture": "#0"},
				"south": {"uv": [12.5, 2.5, 13, 4], "texture": "#0"},
				"west": {"uv": [12.5, 2.5, 13, 4], "texture": "#0"},
				"up": {"uv": [12.5, 2.5, 14, 4], "texture": "#0"},
				"down": {"uv": [12.5, 2.5, 14, 4], "texture": "#0"}
			}
		},
		{
			"from": [-4.6, 0.5, 13],
			"to": [-2.6, 2.5, 21],
			"rotation": {"angle": -45, "axis": "y", "origin": [-5, 1, 19]},
			"faces": {
				"north": {"uv": [2.5, 15, 3.5, 16], "texture": "#0"},
				"east": {"uv": [2.5, 12, 3.5, 15.5], "rotation": 90, "texture": "#0"},
				"south": {"uv": [2.5, 15, 3.5, 16], "texture": "#0"},
				"west": {"uv": [2.5, 12, 3.5, 16], "rotation": 90, "texture": "#0"},
				"up": {"uv": [2.5, 12, 3.5, 16], "texture": "#0"},
				"down": {"uv": [2.5, 12, 3.5, 16], "texture": "#0"}
			}
		},
		{
			"from": [-7, 1.5, -6],
			"to": [22, 1.5, 23],
			"rotation": {"angle": 0, "axis": "y", "origin": [-7, 0, -6]},
			"faces": {
				"north": {"uv": [0, 0, 14.5, 0], "texture": "#missing"},
				"east": {"uv": [0, 0, 14.5, 0], "texture": "#missing"},
				"south": {"uv": [0, 0, 14.5, 0], "texture": "#missing"},
				"west": {"uv": [0, 0, 14.5, 0], "texture": "#missing"},
				"up": {"uv": [14.5, 0, 0, 14.5], "texture": "#1"},
				"down": {"uv": [14.5, 14.5, 0, 0], "texture": "#1"}
			}
		}
	],
	"display": {
		"thirdperson_righthand": {
			"rotation": [142.3, -1.33, -91.96],
			"translation": [6.5, 12.75, 3.25]
		},
		"thirdperson_lefthand": {
			"rotation": [-130, -1.33, -91.96],
			"translation": [6.5, -17.5, 1]
		},
		"firstperson_righthand": {
			"rotation": [142.3, -1.33, -91.96],
			"translation": [6.5, 12.75, 3.25]
		},
		"firstperson_lefthand": {
			"rotation": [51, -1.33, -91.96],
			"translation": [6.5, 12.75, 3.25]
		},
		"ground": {
			"rotation": [95, 45, 0],
			"translation": [9, 18, 0]
		},
		"gui": {
			"rotation": [85, 0, 0],
			"translation": [0.25, 0.5, 0],
			"scale": [0.5, 0.5, 0.5]
		},
		"head": {
			"rotation": [91, 137, 0],
			"translation": [0, 2.75, 7.75]
		},
		"fixed": {
			"rotation": [90, 45, 0],
			"translation": [0, 16, 35.25],
			"scale": [2.5, 2.5, 2.5]
		}
	}
}