{
	"format_version": "1.9.0",
	"credit": "Made with Blockbench",
	"texture_size": [32, 32],
	"textures": {
		"0": "./t/44_2",
		"1": "./t/44_3",
		"particle": "./t/44_2"
	},
	"elements": [
		{
			"from": [-15, 0, 27],
			"to": [-11, 3, 31],
			"rotation": {"angle": 0, "axis": "y", "origin": [-22, 0, 27]},
			"faces": {
				"north": {"uv": [12.5, 2.5, 13, 4], "texture": "#0"},
				"east": {"uv": [12.5, 2.5, 13, 4], "texture": "#0"},
				"south": {"uv": [12.5, 2.5, 13, 4], "texture": "#0"},
				"west": {"uv": [12.5, 2.5, 13, 4], "texture": "#0"},
				"up": {"uv": [12.5, 2.5, 14, 4], "texture": "#0"},
				"down": {"uv": [12.5, 2.5, 14, 4], "texture": "#0"}
			}
		},
		{
			"from": [-11.6, 0.5, 18],
			"to": [-9.6, 2.5, 24],
			"rotation": {"angle": -45, "axis": "y", "origin": [-12, 1, 26]},
			"faces": {
				"north": {"uv": [2.5, 12, 3.5, 13], "texture": "#0"},
				"east": {"uv": [2.5, 12, 3.5, 15], "rotation": 90, "texture": "#0"},
				"south": {"uv": [2.5, 12, 3.5, 13], "texture": "#0"},
				"west": {"uv": [2.5, 12, 3.5, 15], "rotation": 90, "texture": "#0"},
				"up": {"uv": [2.5, 12, 3.5, 15], "texture": "#0"},
				"down": {"uv": [2.5, 12, 3.5, 15], "texture": "#0"}
			}
		},
		{
			"from": [-12.4, 1.4, 23.1],
			"to": [-12.2, 1.6, 26.1],
			"rotation": {"angle": -45, "axis": "y", "origin": [-12.8, 1.9, 28.1]},
			"faces": {
				"north": {"uv": [2.5, 15, 3.5, 16], "texture": "#0"},
				"east": {"uv": [2.5, 12, 3.5, 16], "rotation": 90, "texture": "#0"},
				"south": {"uv": [2.5, 15, 3.5, 16], "texture": "#0"},
				"west": {"uv": [2.5, 12, 3.5, 16], "rotation": 90, "texture": "#0"},
				"up": {"uv": [2.5, 12, 3.5, 16], "texture": "#0"},
				"down": {"uv": [2.5, 12, 3.5, 16], "texture": "#0"}
			}
		},
		{
			"from": [-15.6, 0.5, 24],
			"to": [-13.6, 2.5, 26],
			"rotation": {"angle": -45, "axis": "y", "origin": [-16, 1, 30]},
			"faces": {
				"north": {"uv": [2.5, 15, 3.5, 16], "texture": "#0"},
				"east": {"uv": [2.5, 12, 3.5, 13], "rotation": 90, "texture": "#0"},
				"south": {"uv": [2.5, 15, 3.5, 16], "texture": "#0"},
				"west": {"uv": [2.5, 12, 3.5, 13], "rotation": 90, "texture": "#0"},
				"up": {"uv": [2.5, 12, 3.5, 13], "texture": "#0"},
				"down": {"uv": [2.5, 12, 3.5, 13], "texture": "#0"}
			}
		},
		{
			"from": [-16, 1.5, -12],
			"to": [28, 1.5, 32],
			"rotation": {"angle": 0, "axis": "y", "origin": [-1, 0, -12]},
			"faces": {
				"north": {"uv": [0, 0, 14.5, 0], "texture": "#missing"},
				"east": {"uv": [0, 0, 14.5, 0], "texture": "#missing"},
				"south": {"uv": [0, 0, 14.5, 0], "texture": "#missing"},
				"west": {"uv": [0, 0, 14.5, 0], "texture": "#missing"},
				"up": {"uv": [14.5, 0, 0, 14.5], "texture": "#1"},
				"down": {"uv": [14.5, 14.5, 0, 0], "texture": "#1"}
			}
		}
	],
	"display": {
		"thirdperson_righthand": {
			"rotation": [142.3, -1.33, -91.96],
			"translation": [26, 60.75, 9],
			"scale": [4, 4, 4]
		},
		"thirdperson_lefthand": {
			"rotation": [-130, -1.33, -91.96],
			"translation": [6.5, -17.5, 1]
		},
		"firstperson_righthand": {
			"rotation": [142.3, -1.33, -91.96],
			"translation": [6.5, 12.75, 3.25]
		},
		"firstperson_lefthand": {
			"rotation": [51, -1.33, -91.96],
			"translation": [6.5, 12.75, 3.25]
		},
		"ground": {
			"rotation": [95, 45, 0],
			"translation": [9, 75.25, 0],
			"scale": [4, 4, 4]
		},
		"gui": {
			"rotation": [90, 45, 0],
			"translation": [48, 0, 0],
			"scale": [4, 4, 4]
		},
		"head": {
			"rotation": [90, -135, 0],
			"translation": [0, 40.25, 25.5],
			"scale": [4, 4, 4]
		},
		"fixed": {
			"rotation": [90, -45, -180],
			"translation": [0, 8.25, -8.75],
			"scale": [4, 4, 4]
		}
	},
	"groups": [
		{
			"name": "group",
			"origin": [-7, 0, -6],
			"color": 0,
			"children": [0, 1, 2, 3]
		},
		4
	]
}