{
	"format_version": "1.9.0",
	"credit": "Made with Blockbench",
	"texture_size": [32, 32],
	"textures": {
		"1": "./t/t1",
		"2": "./t/t2",
		"particle": "./t/t2"
	},
	"elements": [
		{
			"from": [19, 0, 19],
			"to": [23, 2, 23],
			"rotation": {"angle": 0, "axis": "y", "origin": [20, 0, 20]},
			"faces": {
				"north": {"uv": [1, 12.5, 3, 13], "texture": "#1"},
				"east": {"uv": [1, 12.5, 3, 13], "texture": "#1"},
				"south": {"uv": [1, 12.5, 3, 13], "texture": "#1"},
				"west": {"uv": [1, 12.5, 3, 13], "texture": "#1"},
				"up": {"uv": [1, 12.5, 3, 14.5], "texture": "#1"},
				"down": {"uv": [1, 14.5, 3, 12.5], "texture": "#1"}
			}
		},
		{
			"from": [23, 0, 20],
			"to": [24, 2, 24],
			"rotation": {"angle": 0, "axis": "y", "origin": [23, 0, 20]},
			"faces": {
				"north": {"uv": [1.5, 14.5, 3.5, 15], "texture": "#1"},
				"east": {"uv": [1.5, 14.5, 3.5, 15], "texture": "#1"},
				"south": {"uv": [1.5, 14.5, 3.5, 15], "texture": "#1"},
				"west": {"uv": [1.5, 14.5, 3.5, 15], "texture": "#missing"},
				"up": {"uv": [1.5, 14.5, 3.5, 15], "texture": "#1"},
				"down": {"uv": [1.5, 14.5, 3.5, 15], "texture": "#1"}
			}
		},
		{
			"from": [20, 0, 23],
			"to": [23, 2, 24],
			"rotation": {"angle": 0, "axis": "y", "origin": [21, 0, 22]},
			"faces": {
				"north": {"uv": [1.5, 14.5, 3, 15], "texture": "#missing"},
				"east": {"uv": [1.5, 14.5, 3, 15], "texture": "#missing"},
				"south": {"uv": [1.5, 14.5, 3, 15], "texture": "#1"},
				"west": {"uv": [1.5, 14.5, 3, 15], "texture": "#1"},
				"up": {"uv": [1.5, 14.5, 3, 15], "texture": "#1"},
				"down": {"uv": [1.5, 14.5, 3, 15], "texture": "#1"}
			}
		},
		{
			"name": "ruch",
			"from": [22.15, 0.25, 15.75],
			"to": [23.65, 1.75, 20.75],
			"rotation": {"angle": 45, "axis": "y", "origin": [20.9, 0.25, 23.75]},
			"faces": {
				"north": {"uv": [3.5, 2, 2, 0.5], "rotation": 90, "texture": "#1"},
				"east": {"uv": [5, 6, 3.5, 2], "rotation": 90, "texture": "#1"},
				"south": {"uv": [5, 2, 3.5, 0.5], "rotation": 90, "texture": "#1"},
				"west": {"uv": [8, 6, 6.5, 2], "rotation": 270, "texture": "#1"},
				"up": {"uv": [3.5, 6, 2, 2], "texture": "#1"},
				"down": {"uv": [3.5, 6, 2, 2], "rotation": 180, "texture": "#1"}
			}
		},
		{
			"from": [14, 0, 14],
			"to": [18, 2, 18],
			"rotation": {"angle": 0, "axis": "y", "origin": [15, 0, 15]},
			"faces": {
				"north": {"uv": [1.5, 10.5, 3, 11], "texture": "#1"},
				"east": {"uv": [1.5, 10.5, 3, 11], "texture": "#1"},
				"south": {"uv": [1.5, 10.5, 3, 11], "texture": "#1"},
				"west": {"uv": [1.5, 10.5, 3, 11], "texture": "#1"},
				"up": {"uv": [1.5, 9, 3.5, 11], "texture": "#1"},
				"down": {"uv": [1.5, 11, 3.5, 9], "texture": "#1"}
			}
		},
		{
			"from": [13, 0, 14],
			"to": [14, 2, 18],
			"rotation": {"angle": 0, "axis": "y", "origin": [12, 0, 16]},
			"faces": {
				"north": {"uv": [1.5, 10.5, 3.5, 11], "texture": "#1"},
				"east": {"uv": [1.5, 10.5, 3.5, 11], "texture": "#1"},
				"south": {"uv": [1.5, 10.5, 3.5, 11], "texture": "#1"},
				"west": {"uv": [1.5, 10.5, 3.5, 11], "texture": "#1"},
				"up": {"uv": [1.5, 10.5, 3.5, 11], "texture": "#1"},
				"down": {"uv": [1.5, 10.5, 3.5, 11], "texture": "#1"}
			}
		},
		{
			"from": [14, 0, 13],
			"to": [18, 2, 14],
			"rotation": {"angle": 0, "axis": "y", "origin": [16, 0, 15]},
			"faces": {
				"north": {"uv": [1.5, 10.5, 3.5, 11], "texture": "#1"},
				"east": {"uv": [1.5, 10.5, 3.5, 11], "texture": "#1"},
				"south": {"uv": [1.5, 10.5, 3.5, 11], "texture": "#1"},
				"west": {"uv": [1.5, 10.5, 3.5, 11], "texture": "#1"},
				"up": {"uv": [1.5, 10.5, 3.5, 11], "texture": "#1"},
				"down": {"uv": [1.5, 10.5, 3.5, 11], "texture": "#1"}
			}
		},
		{
			"from": [6, 1, 6],
			"to": [20, 1, 20],
			"rotation": {"angle": 0, "axis": "y", "origin": [9, 0, 9]},
			"faces": {
				"north": {"uv": [0, 0, 5.5, 0], "texture": "#missing"},
				"east": {"uv": [0, 0, 5.5, 0], "texture": "#missing"},
				"south": {"uv": [0, 0, 5.5, 0], "texture": "#missing"},
				"west": {"uv": [0, 0, 5.5, 0], "texture": "#missing"},
				"up": {"uv": [7.5, 7.5, 14.5, 14.5], "texture": "#1"},
				"down": {"uv": [7.5, 14.5, 14.5, 7.5], "texture": "#1"}
			}
		},
		{
			"from": [-8, 1, -8],
			"to": [15, 1, 15],
			"rotation": {"angle": 0, "axis": "y", "origin": [8, 0, 8]},
			"faces": {
				"north": {"uv": [0, 0, 11.5, 0], "texture": "#missing"},
				"east": {"uv": [0, 0, 11.5, 0], "texture": "#missing"},
				"south": {"uv": [0, 0, 11.5, 0], "texture": "#missing"},
				"west": {"uv": [0, 0, 11.5, 0], "texture": "#missing"},
				"up": {"uv": [0, 0, 11.5, 11.5], "texture": "#2"},
				"down": {"uv": [0, 11.5, 11.5, 0], "texture": "#2"}
			}
		}
	],
	"display": {
		"thirdperson_righthand": {
			"rotation": [45, 0, -90],
			"translation": [7, 13.25, 2.25]
		},
		"thirdperson_lefthand": {
			"rotation": [45, 0, 90],
			"translation": [-7.25, 13.25, 2.25]
		},
		"firstperson_righthand": {
			"rotation": [45, 0, -90],
			"translation": [7, 13.25, 2.25]
		},
		"firstperson_lefthand": {
			"rotation": [45, 0, 90],
			"translation": [-7.25, 13.25, 2.25]
		},
		"ground": {
			"translation": [0, 6.75, 0]
		},
		"gui": {
			"rotation": [90, 0, -180],
			"translation": [0, 0, 11.5],
			"scale": [0.5, 0.5, 0.5]
		},
		"head": {
			"rotation": [0, 135, 0],
			"translation": [0, 0, -7]
		},
		"fixed": {
			"rotation": [90, 45, -180],
			"translation": [0, 3.5, 0],
			"scale": [2.5, 2.5, 2.5]
		}
	},
	"groups": [
		{
			"name": "group",
			"origin": [8, 8, 8],
			"color": 0,
			"children": [
				{
					"name": "ho",
					"origin": [10, 0, 7],
					"color": 0,
					"children": [0, 1, 2]
				},
				3,
				{
					"name": "garna",
					"origin": [8, 8, 8],
					"color": 0,
					"children": [4, 5, 6, 7]
				},
				8
			]
		}
	]
}