{
	"format_version": "1.9.0",
	"credit": "Made with Blockbench",
	"textures": {
		"2": "./t/texture",
		"3": "./t/t1",
		"4": "./t/t2"
	},
	"elements": [
		{
			"from": [5.5, 0, 6.5],
			"to": [10.5, 6, 9.5],
			"rotation": {"angle": 0, "axis": "y", "origin": [6.5, 0, 6.5]},
			"faces": {
				"north": {"uv": [0, 0, 5, 6], "texture": "#3"},
				"east": {"uv": [0, 6, 3, 12], "texture": "#3"},
				"south": {"uv": [5, 0, 10, 6], "texture": "#3"},
				"west": {"uv": [3, 6, 6, 12], "texture": "#3"},
				"up": {"uv": [11, 9, 6, 6], "texture": "#3"},
				"down": {"uv": [11, 9, 6, 12], "texture": "#3"}
			}
		},
		{
			"from": [5.75, 0.25, 6.75],
			"to": [10.25, 3.25, 9.25],
			"rotation": {"angle": 0, "axis": "y", "origin": [6, 0.25, 7.25]},
			"faces": {
				"north": {"uv": [0, 0, 5, 3], "texture": "#4"},
				"east": {"uv": [0, 6, 3, 9], "texture": "#4"},
				"south": {"uv": [0, 3, 5, 6], "texture": "#4"},
				"west": {"uv": [3, 6, 6, 9], "texture": "#4"},
				"up": {"uv": [10, 3, 5, 0], "texture": "#4"},
				"down": {"uv": [10, 3, 5, 6], "texture": "#4"}
			}
		},
		{
			"from": [7.75, 2, 7.75],
			"to": [8.25, 7, 8.25],
			"rotation": {"angle": 0, "axis": "y", "origin": [6.5, 6, 6.5]},
			"faces": {
				"north": {"uv": [0, 0, 1, 5], "texture": "#2"},
				"east": {"uv": [1, 0, 2, 5], "texture": "#2"},
				"south": {"uv": [2, 0, 3, 5], "texture": "#2"},
				"west": {"uv": [3, 0, 4, 5], "texture": "#2"},
				"up": {"uv": [5, 1, 4, 0], "texture": "#2"},
				"down": {"uv": [5, 1, 4, 2], "texture": "#2"}
			}
		},
		{
			"from": [7.5, 6.75, 7.5],
			"to": [8.5, 7.5, 8.5],
			"rotation": {"angle": 0, "axis": "y", "origin": [6.5, 10.75, 6.5]},
			"faces": {
				"north": {"uv": [0.5, 0.375, 0, 0], "texture": "#2"},
				"east": {"uv": [0.5, 0.375, 0, 0], "texture": "#2"},
				"south": {"uv": [0.5, 0.375, 0, 0], "texture": "#2"},
				"west": {"uv": [0.5, 0.375, 0, 0], "texture": "#2"},
				"up": {"uv": [0.5, 0.375, 0, 0], "texture": "#2"},
				"down": {"uv": [0.5, 0.375, 0, 0], "texture": "#2"}
			}
		},
		{
			"from": [8.5, 6.75, 7.75],
			"to": [9, 7.25, 8.25],
			"rotation": {"angle": 0, "axis": "y", "origin": [7.5, 10.75, 6.5]},
			"faces": {
				"north": {"uv": [0, 0, 0.5, 0.5], "texture": "#2"},
				"east": {"uv": [1, 0, 1.5, 0.5], "texture": "#2"},
				"south": {"uv": [2, 0, 2.5, 0.5], "texture": "#2"},
				"west": {"uv": [3, 0, 3.5, 0.5], "texture": "#2"},
				"up": {"uv": [4.5, 0.5, 4, 0], "texture": "#2"},
				"down": {"uv": [4.5, 1, 4, 1.5], "texture": "#2"}
			}
		}
	],
	"display": {
		"thirdperson_righthand": {
			"rotation": [0, 90, 0],
			"translation": [0, 5.75, 0]
		},
		"thirdperson_lefthand": {
			"translation": [0, 5.75, 0]
		},
		"firstperson_righthand": {
			"rotation": [0, 90, 0],
			"translation": [0.5, 5, 0]
		},
		"firstperson_lefthand": {
			"translation": [1.75, 6.75, 0]
		},
		"ground": {
			"translation": [0, 6, 0]
		},
		"gui": {
			"translation": [0, 6.25, 0],
			"scale": [1.5, 1.5, 1.5]
		},
		"head": {
			"translation": [0, 14.25, 0]
		},
		"fixed": {
			"translation": [0, 7, -4],
			"scale": [2, 2, 2]
		}
	}
}
